release,cycle
Core,Core
What Lies Ahead,Genesis
Trace Amount,Genesis
Cyber Exodus,Genesis
A Study in Static,Genesis
Humanity's Shadow,Genesis
Future Proof,Genesis
Creation and Control,Creation and Control
Opening Moves,Spin
Second Thoughts,Spin
Mala Tempora,Spin
True Colors,Spin
Fear and Loathing,Spin
Double Time,Spin
Honor and Profit,Honor and Profit
Upstalk,Lunar
The Spaces Between,Lunar
First Contact,Lunar
Up and Over,Lunar
All That Remains,Lunar
The Source,Lunar
Order and Chaos,Order and Chaos
The Valley,SanSan
Breaker Bay,SanSan
Chrome City,SanSan
The Underway,SanSan
Old Hollywood,SanSan
The Universe of Tomorrow,SanSan
Data and Destiny,Data and Destiny
Kala Ghoda,Mumbad
Business First,Mumbad
Democracy and Dogma,Mumbad
Salsette Island,Mumbad
The Liberated Mind,Mumbad
Fear the Masses,Mumbad
23 Seconds,Flashpoint
Blood Money,Flashpoint