version,release
1.1.12,Trace Amount
1.1.13,Trace Amount
1.1.14,Trace Amount
1.1.15,Trace Amount
1.1.15.1,Trace Amount
1.1.15.2,Trace Amount
1.1.15.3,Trace Amount
1.1.15.4,Trace Amount
1.1.15.6,Trace Amount
1.1.16,Trace Amount
1.1.16.1,Trace Amount
1.1.16.2,Trace Amount
1.1.17,Trace Amount
1.1.17.1,Trace Amount
1.1.18,Trace Amount
1.1.18.1,Trace Amount
2.0.0,Trace Amount
2.0.1,Trace Amount
2.0.1.1,Trace Amount
2.0.1.2,Trace Amount
2.1.0,Trace Amount
2.1.1,Trace Amount
2.1.3,Trace Amount
2.1.4,Trace Amount
2.1.5,Trace Amount
2.1.6,Trace Amount
2.1.7,Trace Amount
2.1.8,Trace Amount
2.1.8.1,Trace Amount
2.1.9,Trace Amount
2.1.10,Trace Amount
2.1.11,Trace Amount
2.2.0,Cyber Exodus
2.2.1,Cyber Exodus
2.2.2,Cyber Exodus
2.2.3,Cyber Exodus
2.3.0,A Study in Static
2.3.1,A Study in Static
2.3.2,A Study in Static
3.0.0.44,Humanity's Shadow
3.0.0.45,Humanity's Shadow
3.0.0.46,Humanity's Shadow
3.0.0.47,Humanity's Shadow
3.0.0.52,Humanity's Shadow
3.0.0.53,Humanity's Shadow
3.0.0.62,Humanity's Shadow
3.0.0.63,Humanity's Shadow
3.0.0.64,Humanity's Shadow
3.0.0.65,Humanity's Shadow
3.0.1.2,Humanity's Shadow
3.0.2.0,Humanity's Shadow
3.0.3.1,Humanity's Shadow
3.0.4.0,Humanity's Shadow
3.0.4.5,Humanity's Shadow
3.0.4.29,Humanity's Shadow
3.1.0.0,Future Proof
3.1.1.0,Future Proof
3.1.2.0,Future Proof
3.1.3.0,Future Proof
3.1.3.1,Future Proof
3.1.4.0,Future Proof
3.1.4.2,Future Proof
3.1.5.0,Future Proof
3.1.5.8,Future Proof
3.1.6.0,Future Proof
3.1.6.1,Future Proof
3.1.7.0,Future Proof
3.1.7.1,Future Proof
3.1.8.0,Future Proof
3.1.9.0,Future Proof
3.1.10.0,Future Proof
3.1.11.2,Future Proof
3.1.11.13,Future Proof
3.1.12.74,Future Proof
3.2.0.0,Creation and Control
3.2.1.0,Creation and Control
3.2.2.0,Creation and Control
3.2.3.0,Creation and Control
3.2.4.0,Creation and Control
3.2.5.0,Creation and Control
3.2.6.1,Creation and Control
3.2.7.0,Creation and Control
3.2.7.2,Creation and Control
3.2.7.3,Creation and Control
3.2.7.4,Creation and Control
3.2.8.0,Creation and Control
3.2.9.0,Creation and Control
3.2.10.0,Creation and Control
3.2.10.1,Creation and Control
3.2.11.0,Creation and Control
3.2.12.1,Creation and Control
3.2.12.4,Creation and Control
3.2.12.5,Creation and Control
3.2.12.6,Creation and Control
3.3.0.0,Opening Moves
3.3.1.0,Opening Moves
3.3.2.0,Opening Moves
3.3.3.0,Opening Moves
3.3.3.1,Opening Moves
3.3.4.2,Opening Moves
3.3.5.0,Opening Moves
3.3.6.0,Opening Moves
3.3.6.1,Opening Moves
3.3.6.2,Opening Moves
3.3.7.0,Opening Moves
3.3.7.1,Opening Moves
3.3.8.0,Opening Moves
3.3.9.0,Opening Moves
3.4.0.0,Opening Moves
3.4.0.1,Opening Moves
3.4.0.3,Opening Moves
3.4.1.0,Opening Moves
3.4.2.0,Opening Moves
3.4.2.1,Opening Moves
3.4.3.0,Opening Moves
3.4.4.0,Opening Moves
3.4.4.1,Opening Moves
3.4.4.2,Opening Moves
3.4.4.4,Opening Moves
3.4.4.19,Opening Moves
3.4.5.0,Opening Moves
3.4.6.0,Opening Moves
3.4.6.1,Opening Moves
3.5.0.0,Second Thoughts
3.5.1.0,Second Thoughts
3.5.1.1,Second Thoughts
3.5.2.0,Second Thoughts
3.5.2.1,Second Thoughts
3.5.3.0,Second Thoughts
3.6.0.0,Mala Tempora
3.6.0.1,Mala Tempora
3.6.1.0,Mala Tempora
3.6.1.1,Mala Tempora
3.6.2.0,Mala Tempora
3.6.2.1,Mala Tempora
3.6.3.0,Mala Tempora
3.6.3.2,Mala Tempora
3.6.4.1,Mala Tempora
3.6.4.2,Mala Tempora
3.6.4.3,Mala Tempora
3.6.4.4,Mala Tempora
3.6.4.11,Mala Tempora
3.6.4.16,Mala Tempora
3.6.4.19,Mala Tempora
3.6.5.0,Mala Tempora
3.6.5.1,Mala Tempora
3.7.0.0,True Colors
3.7.1.0,True Colors
3.7.1.1,True Colors
3.7.1.2,True Colors
3.7.1.3,True Colors
3.7.2.0,True Colors
3.7.2.3,True Colors
3.7.3.0,True Colors
3.7.4.0,True Colors
3.7.5.0,True Colors
3.7.6.0,True Colors
3.7.7.0,True Colors
3.7.8.0,True Colors
3.7.8.1,True Colors
3.7.9.0,True Colors
3.7.9.1,True Colors
3.7.10.1,True Colors
3.8.0.0,Fear and Loathing
3.8.1.0,Fear and Loathing
3.8.1.1,Fear and Loathing
3.8.2.0,Fear and Loathing
3.8.3.0,Fear and Loathing
3.8.3.1,Fear and Loathing
3.8.3.2,Fear and Loathing
3.8.3.3,Fear and Loathing
3.8.3.4,Fear and Loathing
3.9.0.0,Double Time
3.9.1.0,Double Time
3.9.2.0,Double Time
3.9.2.3,Double Time
3.9.3.0,Double Time
3.10.0.0,Honor and Profit
3.10.1.0,Honor and Profit
3.10.2.0,Honor and Profit
3.10.3.0,Honor and Profit
3.10.4.0,Honor and Profit
3.10.4.1,Honor and Profit
3.10.5.0,Honor and Profit
3.11.0.0,Upstalk
3.11.1.0,Upstalk
3.12.0.0,The Spaces Between
3.12.1.0,The Spaces Between
3.12.2.0,The Spaces Between
3.12.3.0,The Spaces Between
3.13.0.0,First Contact
3.14.0.0,Up and Over
3.14.0.1,Up and Over
3.14.1.0,Up and Over
3.15.0.0,All That Remains
3.15.1.0,All That Remains
3.15.1.1,All That Remains
3.15.2.0,All That Remains
3.15.2.1,All That Remains
3.16.0.3,The Source
3.16.0.4,The Source
3.16.1.0,The Source
3.16.1.10,The Source
3.16.2.0,The Source
3.16.2.1,The Source
3.16.3.0,The Source
3.16.4.0,The Source
3.16.4.1,The Source
103.6.5.13,NA
103.6.5.14,NA
103.7.8.0,NA
105.7.9.1,NA
,NA